наименование;описание;цена;орг %;ccылка на товар на сайте поставщика;ссылки на Фото;Размер
Постельное белье ВелсофтКПБ Велсофт-140 ;"Велсофт плед (100% п/э)  + (прост. и наволочка 100% хлопок) наволочки клапан, простыня и  покрывало Велсофт ; плед 200 х 150  (+-3,5 см) - 1шт простыня 220 х 150 (+-3 см)  - 1шт наволочка 70 х 70 (+-2 см)  - 2шт";895;13;https://viotex-37.ru//postelnoe-bele/zima-leto/velsoft/kpb-velsoft-140-3833;https://viotex-37.ru/files/catalog/photos/3833/img/kpb-velsoft-140-3833-1-2.jpg;1,5 сп
Постельное белье ВелсофтКПБ Велсофт-140 ;"Велсофт плед (100% п/э)  + (прост. и наволочка 100% хлопок) наволочки клапан, простыня и  покрывало Велсофт ; плед 200 х 180  (+-3,5 см)  - 1шт простыня 220 х 180 (+-3 см)  - 1шт наволочка 70 х 70 (+-2 см) - 2шт";1015;13;https://viotex-37.ru//postelnoe-bele/zima-leto/velsoft/kpb-velsoft-140-3833;https://viotex-37.ru/files/catalog/photos/3833/img/kpb-velsoft-140-3833-1-2.jpg;2-х сп
Постельное белье ВелсофтКПБ Велсофт-140 ;"Велсофт плед (100% п/э)  + (прост. и наволочка 100% хлопок) наволочки клапан, простыня и  покрывало Велсофт ; плед 200 х 180  (+-3,5 см)  - 1шт простыня 240 х 220 (+-3 см)  - 1шт наволочка 70 х 70 (+-2 см)  - 2шт";1090;13;https://viotex-37.ru//postelnoe-bele/zima-leto/velsoft/kpb-velsoft-140-3833;https://viotex-37.ru/files/catalog/photos/3833/img/kpb-velsoft-140-3833-1-2.jpg;2-х сп с Евро прост.
Постельное белье ВелсофтКПБ Велсофт-138 ;"Велсофт плед (100% п/э)  + (прост. и наволочка 100% хлопок) наволочки клапан, простыня и  покрывало Велсофт ; плед 200 х 150  (+-3,5 см) - 1шт простыня 220 х 150 (+-3 см)  - 1шт наволочка 70 х 70 (+-2 см)  - 2шт";895;13;https://viotex-37.ru//postelnoe-bele/zima-leto/velsoft/kpb-velsoft-138-4578;https://viotex-37.ru/files/catalog/photos/4578/img/kpb-velsoft-138-4578-1-2.jpg;1,5 сп
Постельное белье ВелсофтКПБ Велсофт-138 ;"Велсофт плед (100% п/э)  + (прост. и наволочка 100% хлопок) наволочки клапан, простыня и  покрывало Велсофт ; плед 200 х 180  (+-3,5 см)  - 1шт простыня 220 х 180 (+-3 см)  - 1шт наволочка 70 х 70 (+-2 см) - 2шт";1015;13;https://viotex-37.ru//postelnoe-bele/zima-leto/velsoft/kpb-velsoft-138-4578;https://viotex-37.ru/files/catalog/photos/4578/img/kpb-velsoft-138-4578-1-2.jpg;2-х сп
Постельное белье ВелсофтКПБ Велсофт-138 ;"Велсофт плед (100% п/э)  + (прост. и наволочка 100% хлопок) наволочки клапан, простыня и  покрывало Велсофт ; плед 200 х 180  (+-3,5 см)  - 1шт простыня 240 х 220 (+-3 см)  - 1шт наволочка 70 х 70 (+-2 см)  - 2шт";1090;13;https://viotex-37.ru//postelnoe-bele/zima-leto/velsoft/kpb-velsoft-138-4578;https://viotex-37.ru/files/catalog/photos/4578/img/kpb-velsoft-138-4578-1-2.jpg;2-х сп с Евро прост.
Постельное белье ВелсофтКПБ Велсофт-075 ;"Велсофт плед (100% п/э)  + (прост. и наволочка 100% хлопок) наволочки клапан, простыня и  покрывало Велсофт ; плед 200 х 180  (+-3,5 см)  - 1шт простыня 240 х 220 (+-3 см)  - 1шт наволочка 70 х 70 (+-2 см)  - 2шт";1090;13;https://viotex-37.ru//postelnoe-bele/zima-leto/velsoft/kpb-velsoft-075-3578;https://viotex-37.ru/files/catalog/photos/3578/img/kpb-velsoft-075-3578-1-2.jpg;2-х сп с Евро прост.
Постельное белье ВелсофтКПБ Велсофт-057 ;"Велсофт плед (100% п/э)  + (прост. и наволочка 100% хлопок) наволочки клапан, простыня и  покрывало Велсофт ; плед 200 х 180  (+-3,5 см)  - 1шт простыня 240 х 220 (+-3 см)  - 1шт наволочка 70 х 70 (+-2 см)  - 2шт";1090;13;https://viotex-37.ru//postelnoe-bele/zima-leto/velsoft/kpb-velsoft-057-2198;https://viotex-37.ru/files/catalog/photos/2198/img/kpb-velsoft-057-2198-1-2.jpg;2-х сп с Евро прост.
Постельное белье ВелсофтКПБ Велсофт-010 ;"Велсофт плед (100% п/э)  + (прост. и наволочка 100% хлопок) наволочки клапан, простыня и  покрывало Велсофт ; плед 200 х 150  (+-3,5 см) - 1шт простыня 220 х 150 (+-3 см)  - 1шт наволочка 70 х 70 (+-2 см)  - 2шт";895;13;https://viotex-37.ru//postelnoe-bele/zima-leto/velsoft/kpb-velsoft-010-4288;https://viotex-37.ru/files/catalog/photos/4288/img/kpb-velsoft-010-4288-1-2.jpg;1,5 сп
Постельное белье ВелсофтКПБ Велсофт-009 ;"Велсофт плед (100% п/э)  + (прост. и наволочка 100% хлопок) наволочки клапан, простыня и  покрывало Велсофт ; плед 200 х 150  (+-3,5 см) - 1шт простыня 220 х 150 (+-3 см)  - 1шт наволочка 70 х 70 (+-2 см)  - 2шт";895;13;https://viotex-37.ru//postelnoe-bele/zima-leto/velsoft/kpb-velsoft-009-4505;https://viotex-37.ru/files/catalog/photos/4505/img/kpb-velsoft-009-4505-1-2.jpg;1,5 сп
Постельное белье ВелсофтКПБ Велсофт-009 ;"Велсофт плед (100% п/э)  + (прост. и наволочка 100% хлопок) наволочки клапан, простыня и  покрывало Велсофт ; плед 200 х 180  (+-3,5 см)  - 1шт простыня 240 х 220 (+-3 см)  - 1шт наволочка 70 х 70 (+-2 см)  - 2шт";1090;13;https://viotex-37.ru//postelnoe-bele/zima-leto/velsoft/kpb-velsoft-009-4505;https://viotex-37.ru/files/catalog/photos/4505/img/kpb-velsoft-009-4505-1-2.jpg;2-х сп с Евро прост.
Постельное белье ВелсофтКПБ Велсофт-008 ;"Велсофт плед (100% п/э)  + (прост. и наволочка 100% хлопок) наволочки клапан, простыня и  покрывало Велсофт ; плед 200 х 150  (+-3,5 см) - 1шт простыня 220 х 150 (+-3 см)  - 1шт наволочка 70 х 70 (+-2 см)  - 2шт";895;13;https://viotex-37.ru//postelnoe-bele/zima-leto/velsoft/kpb-velsoft-008-4506;https://viotex-37.ru/files/catalog/photos/4506/img/kpb-velsoft-008-4506-1-2.jpg;1,5 сп
Постельное белье ВелсофтКПБ Велсофт-008 ;"Велсофт плед (100% п/э)  + (прост. и наволочка 100% хлопок) наволочки клапан, простыня и  покрывало Велсофт ; плед 200 х 180  (+-3,5 см)  - 1шт простыня 220 х 180 (+-3 см)  - 1шт наволочка 70 х 70 (+-2 см) - 2шт";1015;13;https://viotex-37.ru//postelnoe-bele/zima-leto/velsoft/kpb-velsoft-008-4506;https://viotex-37.ru/files/catalog/photos/4506/img/kpb-velsoft-008-4506-1-2.jpg;2-х сп
Постельное белье ВелсофтКПБ Велсофт-007 ;"Велсофт плед (100% п/э)  + (прост. и наволочка 100% хлопок) наволочки клапан, простыня и  покрывало Велсофт ; плед 200 х 150  (+-3,5 см) - 1шт простыня 220 х 150 (+-3 см)  - 1шт наволочка 70 х 70 (+-2 см)  - 2шт";895;13;https://viotex-37.ru//postelnoe-bele/zima-leto/velsoft/kpb-velsoft-007-4289;https://viotex-37.ru/files/catalog/photos/4289/img/kpb-velsoft-007-4289-1-2.jpg;1,5 сп
Постельное белье ВелсофтКПБ Велсофт-007 ;"Велсофт плед (100% п/э)  + (прост. и наволочка 100% хлопок) наволочки клапан, простыня и  покрывало Велсофт ; плед 200 х 180  (+-3,5 см)  - 1шт простыня 220 х 180 (+-3 см)  - 1шт наволочка 70 х 70 (+-2 см) - 2шт";1015;13;https://viotex-37.ru//postelnoe-bele/zima-leto/velsoft/kpb-velsoft-007-4289;https://viotex-37.ru/files/catalog/photos/4289/img/kpb-velsoft-007-4289-1-2.jpg;2-х сп
Постельное белье ВелсофтКПБ Велсофт-006 ;"Велсофт плед (100% п/э)  + (прост. и наволочка 100% хлопок) наволочки клапан, простыня и  покрывало Велсофт ; плед 200 х 150  (+-3,5 см) - 1шт простыня 220 х 150 (+-3 см)  - 1шт наволочка 70 х 70 (+-2 см)  - 2шт";895;13;https://viotex-37.ru//postelnoe-bele/zima-leto/velsoft/kpb-velsoft-006-4286;https://viotex-37.ru/files/catalog/photos/4286/img/kpb-velsoft-006-4286-1-2.jpg;1,5 сп
Постельное белье ВелсофтКПБ Велсофт-006 ;"Велсофт плед (100% п/э)  + (прост. и наволочка 100% хлопок) наволочки клапан, простыня и  покрывало Велсофт ; плед 200 х 180  (+-3,5 см)  - 1шт простыня 240 х 220 (+-3 см)  - 1шт наволочка 70 х 70 (+-2 см)  - 2шт";1090;13;https://viotex-37.ru//postelnoe-bele/zima-leto/velsoft/kpb-velsoft-006-4286;https://viotex-37.ru/files/catalog/photos/4286/img/kpb-velsoft-006-4286-1-2.jpg;2-х сп с Евро прост.
Постельное белье ВелсофтКПБ Велсофт-005 ;"Велсофт плед (100% п/э)  + (прост. и наволочка 100% хлопок) наволочки клапан, простыня и  покрывало Велсофт ; плед 200 х 150  (+-3,5 см) - 1шт простыня 220 х 150 (+-3 см)  - 1шт наволочка 70 х 70 (+-2 см)  - 2шт";895;13;https://viotex-37.ru//postelnoe-bele/zima-leto/velsoft/kpb-velsoft-005-1184;https://viotex-37.ru/files/catalog/photos/1184/img/kpb-velsoft-005-1184-1-2.jpg;1,5 сп
Постельное белье ВелсофтКПБ Велсофт-005 ;"Велсофт плед (100% п/э)  + (прост. и наволочка 100% хлопок) наволочки клапан, простыня и  покрывало Велсофт ; плед 200 х 180  (+-3,5 см)  - 1шт простыня 220 х 180 (+-3 см)  - 1шт наволочка 70 х 70 (+-2 см) - 2шт";1015;13;https://viotex-37.ru//postelnoe-bele/zima-leto/velsoft/kpb-velsoft-005-1184;https://viotex-37.ru/files/catalog/photos/1184/img/kpb-velsoft-005-1184-1-2.jpg;2-х сп
Постельное белье ВелсофтКПБ Велсофт-003 ;"Велсофт плед (100% п/э)  + (прост. и наволочка 100% хлопок) наволочки клапан, простыня и  покрывало Велсофт ; плед 200 х 150  (+-3,5 см) - 1шт простыня 220 х 150 (+-3 см)  - 1шт наволочка 70 х 70 (+-2 см)  - 2шт";895;13;https://viotex-37.ru//postelnoe-bele/zima-leto/velsoft/kpb-velsoft-003-4551;https://viotex-37.ru/files/catalog/photos/4551/img/kpb-velsoft-003-4551-1-2.jpg;1,5 сп
Постельное белье ВелсофтКПБ Велсофт-002 ;"Велсофт плед (100% п/э)  + (прост. и наволочка 100% хлопок) наволочки клапан, простыня и  покрывало Велсофт ; плед 200 х 150  (+-3,5 см) - 1шт простыня 220 х 150 (+-3 см)  - 1шт наволочка 70 х 70 (+-2 см)  - 2шт";895;13;https://viotex-37.ru//postelnoe-bele/zima-leto/velsoft/kpb-velsoft-002-4287;https://viotex-37.ru/files/catalog/photos/4287/img/kpb-velsoft-002-4287-1-2.jpg;1,5 сп
Постельное белье ВелсофтКПБ Велсофт-002 ;"Велсофт плед (100% п/э)  + (прост. и наволочка 100% хлопок) наволочки клапан, простыня и  покрывало Велсофт ; плед 200 х 180  (+-3,5 см)  - 1шт простыня 220 х 180 (+-3 см)  - 1шт наволочка 70 х 70 (+-2 см) - 2шт";1015;13;https://viotex-37.ru//postelnoe-bele/zima-leto/velsoft/kpb-velsoft-002-4287;https://viotex-37.ru/files/catalog/photos/4287/img/kpb-velsoft-002-4287-1-2.jpg;2-х сп
Постельное белье Велсофт ЖаккардКПБ Велсофт Жаккард - 020 ;"Велсофт Жаккард плед (100% п/э)  + (простыня и наволочки 100% хлопок) наволочки клапан ; плед 200 х 180  (+-3,5 см)  - 1шт простыня 240 х 220 (+-3 см)  - 1шт наволочка 70 х 70 (+-2 см)  - 2шт";1165;13;https://viotex-37.ru//postelnoe-bele/zima-leto/postelnoe-bele-velsoft-(jakkard)-poplin/kpb-velsoft-jakkard-020-4351;https://viotex-37.ru/files/catalog/photos/4351/img/kpb-velsoft-jakkard-020-4351-1-2.jpg;2-х сп с Евро прост.
Постельное белье Велсофт ЖаккардКПБ Велсофт Жаккард - 020 ;"Велсофт Жаккард плед (100% п/э)  + (простыня и наволочки 100% хлопок) наволочки клапан ; плед 220 х 200  (+-3,5 см)  - 1шт простыня 240 х 220 (+-3 см)  - 1шт наволочка 70 х 70 (+-2 см)  - 2шт";1330;13;https://viotex-37.ru//postelnoe-bele/zima-leto/postelnoe-bele-velsoft-(jakkard)-poplin/kpb-velsoft-jakkard-020-4351;https://viotex-37.ru/files/catalog/photos/4351/img/kpb-velsoft-jakkard-020-4351-1-2.jpg;Евро Мини
Постельное белье Велсофт ЖаккардКПБ Велсофт Жаккард - 019 ;"Велсофт Жаккард плед (100% п/э)  + (простыня и наволочки 100% хлопок) наволочки клапан ; плед 200 х 150  (+-3,5 см) - 1шт простыня 220 х 150 (+-3 см)  - 1шт наволочка 70 х 70 (+-2 см)  - 2шт";945;13;https://viotex-37.ru//postelnoe-bele/zima-leto/postelnoe-bele-velsoft-(jakkard)-poplin/kpb-velsoft-jakkard-019-4350;https://viotex-37.ru/files/catalog/photos/4350/img/kpb-velsoft-jakkard-019-4350-1-2.jpg;1,5 сп
Постельное белье Велсофт ЖаккардКПБ Велсофт Жаккард - 019 ;"Велсофт Жаккард плед (100% п/э)  + (простыня и наволочки 100% хлопок) наволочки клапан ; плед 200 х 180  (+-3,5 см)  - 1шт простыня 240 х 220 (+-3 см)  - 1шт наволочка 70 х 70 (+-2 см)  - 2шт";1165;13;https://viotex-37.ru//postelnoe-bele/zima-leto/postelnoe-bele-velsoft-(jakkard)-poplin/kpb-velsoft-jakkard-019-4350;https://viotex-37.ru/files/catalog/photos/4350/img/kpb-velsoft-jakkard-019-4350-1-2.jpg;2-х сп с Евро прост.
Постельное белье Велсофт ЖаккардКПБ Велсофт Жаккард - 019 ;"Велсофт Жаккард плед (100% п/э)  + (простыня и наволочки 100% хлопок) наволочки клапан ; плед 220 х 200  (+-3,5 см)  - 1шт простыня 240 х 220 (+-3 см)  - 1шт наволочка 70 х 70 (+-2 см)  - 2шт";1330;13;https://viotex-37.ru//postelnoe-bele/zima-leto/postelnoe-bele-velsoft-(jakkard)-poplin/kpb-velsoft-jakkard-019-4350;https://viotex-37.ru/files/catalog/photos/4350/img/kpb-velsoft-jakkard-019-4350-1-2.jpg;Евро Мини
Постельное белье Велсофт ЖаккардКПБ Велсофт Жаккард - 018 ;"Велсофт Жаккард плед (100% п/э)  + (простыня и наволочки 100% хлопок) наволочки клапан ; плед 200 х 150  (+-3,5 см) - 1шт простыня 220 х 150 (+-3 см)  - 1шт наволочка 70 х 70 (+-2 см)  - 2шт";945;13;https://viotex-37.ru//postelnoe-bele/zima-leto/postelnoe-bele-velsoft-(jakkard)-poplin/kpb-velsoft-jakkard-018-4347;https://viotex-37.ru/files/catalog/photos/4347/img/kpb-velsoft-jakkard-018-4347-1-2.jpg;1,5 сп
Постельное белье Велсофт ЖаккардКПБ Велсофт Жаккард - 018 ;"Велсофт Жаккард плед (100% п/э)  + (простыня и наволочки 100% хлопок) наволочки клапан ; плед 200 х 180  (+-3,5 см)  - 1шт простыня 240 х 220 (+-3 см)  - 1шт наволочка 70 х 70 (+-2 см)  - 2шт";1165;13;https://viotex-37.ru//postelnoe-bele/zima-leto/postelnoe-bele-velsoft-(jakkard)-poplin/kpb-velsoft-jakkard-018-4347;https://viotex-37.ru/files/catalog/photos/4347/img/kpb-velsoft-jakkard-018-4347-1-2.jpg;2-х сп с Евро прост.
Постельное белье Велсофт ЖаккардКПБ Велсофт Жаккард - 018 ;"Велсофт Жаккард плед (100% п/э)  + (простыня и наволочки 100% хлопок) наволочки клапан ; плед 220 х 200  (+-3,5 см)  - 1шт простыня 240 х 220 (+-3 см)  - 1шт наволочка 70 х 70 (+-2 см)  - 2шт";1330;13;https://viotex-37.ru//postelnoe-bele/zima-leto/postelnoe-bele-velsoft-(jakkard)-poplin/kpb-velsoft-jakkard-018-4347;https://viotex-37.ru/files/catalog/photos/4347/img/kpb-velsoft-jakkard-018-4347-1-2.jpg;Евро Мини
Постельное белье Велсофт ЖаккардКПБ Велсофт Жаккард - 017 ;"Велсофт Жаккард плед (100% п/э)  + (простыня и наволочки 100% хлопок) наволочки клапан ; плед 200 х 150  (+-3,5 см) - 1шт простыня 220 х 150 (+-3 см)  - 1шт наволочка 70 х 70 (+-2 см)  - 2шт";945;13;https://viotex-37.ru//postelnoe-bele/zima-leto/postelnoe-bele-velsoft-(jakkard)-poplin/kpb-velsoft-jakkard-017-4346;https://viotex-37.ru/files/catalog/photos/4346/img/kpb-velsoft-jakkard-017-4346-1-2.jpg;1,5 сп
Постельное белье Велсофт ЖаккардКПБ Велсофт Жаккард - 017 ;"Велсофт Жаккард плед (100% п/э)  + (простыня и наволочки 100% хлопок) наволочки клапан ; плед 200 х 180  (+-3,5 см)  - 1шт простыня 240 х 220 (+-3 см)  - 1шт наволочка 70 х 70 (+-2 см)  - 2шт";1165;13;https://viotex-37.ru//postelnoe-bele/zima-leto/postelnoe-bele-velsoft-(jakkard)-poplin/kpb-velsoft-jakkard-017-4346;https://viotex-37.ru/files/catalog/photos/4346/img/kpb-velsoft-jakkard-017-4346-1-2.jpg;2-х сп с Евро прост.
Постельное белье Велсофт ЖаккардКПБ Велсофт Жаккард - 017 ;"Велсофт Жаккард плед (100% п/э)  + (простыня и наволочки 100% хлопок) наволочки клапан ; плед 220 х 200  (+-3,5 см)  - 1шт простыня 240 х 220 (+-3 см)  - 1шт наволочка 70 х 70 (+-2 см)  - 2шт";1330;13;https://viotex-37.ru//postelnoe-bele/zima-leto/postelnoe-bele-velsoft-(jakkard)-poplin/kpb-velsoft-jakkard-017-4346;https://viotex-37.ru/files/catalog/photos/4346/img/kpb-velsoft-jakkard-017-4346-1-2.jpg;Евро Мини
Постельное белье Велсофт ЖаккардКПБ Велсофт Жаккард - 016 ;"Велсофт Жаккард плед (100% п/э)  + (простыня и наволочки 100% хлопок) наволочки клапан ; плед 200 х 150  (+-3,5 см) - 1шт простыня 220 х 150 (+-3 см)  - 1шт наволочка 70 х 70 (+-2 см)  - 2шт";945;13;https://viotex-37.ru//postelnoe-bele/zima-leto/postelnoe-bele-velsoft-(jakkard)-poplin/kpb-velsoft-jakkard-016-4345;https://viotex-37.ru/files/catalog/photos/4345/img/kpb-velsoft-jakkard-016-4345-1-2.jpg;1,5 сп
Постельное белье Велсофт ЖаккардКПБ Велсофт Жаккард - 016 ;"Велсофт Жаккард плед (100% п/э)  + (простыня и наволочки 100% хлопок) наволочки клапан ; плед 200 х 180  (+-3,5 см)  - 1шт простыня 240 х 220 (+-3 см)  - 1шт наволочка 70 х 70 (+-2 см)  - 2шт";1165;13;https://viotex-37.ru//postelnoe-bele/zima-leto/postelnoe-bele-velsoft-(jakkard)-poplin/kpb-velsoft-jakkard-016-4345;https://viotex-37.ru/files/catalog/photos/4345/img/kpb-velsoft-jakkard-016-4345-1-2.jpg;2-х сп с Евро прост.
Постельное белье Велсофт ЖаккардКПБ Велсофт Жаккард - 016 ;"Велсофт Жаккард плед (100% п/э)  + (простыня и наволочки 100% хлопок) наволочки клапан ; плед 220 х 200  (+-3,5 см)  - 1шт простыня 240 х 220 (+-3 см)  - 1шт наволочка 70 х 70 (+-2 см)  - 2шт";1330;13;https://viotex-37.ru//postelnoe-bele/zima-leto/postelnoe-bele-velsoft-(jakkard)-poplin/kpb-velsoft-jakkard-016-4345;https://viotex-37.ru/files/catalog/photos/4345/img/kpb-velsoft-jakkard-016-4345-1-2.jpg;Евро Мини
Постельное белье Велсофт Набивной КПБ Велсофт Набивной - 022 ;"Велсофт Набивной плед (100% ПЭ)  + простыня и наволочки (100% хлопок) наволочки с клапаном ; плед 200 х 150  (+-3 см)  - 1шт простыня 220 х 150 (+-3 см)  - 1шт наволочка 70 х 70 (+-2 см)  - 2шт";945;13;https://viotex-37.ru//postelnoe-bele/zima-leto/postelnoe-bele-velsoft-nabivnoy-poplin/kpb-velsoft-nabivnoy-022-4579;https://viotex-37.ru/files/catalog/photos/4579/img/kpb-velsoft-nabivnoy-022-4579-1-2.jpg;1,5 сп
Постельное белье Велсофт Набивной КПБ Велсофт Набивной - 022 ;"Велсофт Набивной плед (100% ПЭ)  + простыня и наволочки (100% хлопок) наволочки с клапаном ; плед 200 х 180  (+-3,5 см)  - 1шт простыня 240 х 220 (+-3 см)  - 1шт наволочка 70 х 70 (+-2 см)  - 2шт";1165;13;https://viotex-37.ru//postelnoe-bele/zima-leto/postelnoe-bele-velsoft-nabivnoy-poplin/kpb-velsoft-nabivnoy-022-4579;https://viotex-37.ru/files/catalog/photos/4579/img/kpb-velsoft-nabivnoy-022-4579-1-2.jpg;2-х сп с Евро прост.
Постельное белье Велсофт Набивной КПБ Велсофт Набивной - 022 ;"Велсофт Набивной плед (100% ПЭ)  + простыня и наволочки (100% хлопок) наволочки с клапаном ; плед 220 х 200  (+-3,5 см)  - 1шт простыня 240 х 220 (+-3 см)  - 1шт наволочка 70 х 70 (+-2 см)  - 2шт";1330;13;https://viotex-37.ru//postelnoe-bele/zima-leto/postelnoe-bele-velsoft-nabivnoy-poplin/kpb-velsoft-nabivnoy-022-4579;https://viotex-37.ru/files/catalog/photos/4579/img/kpb-velsoft-nabivnoy-022-4579-1-2.jpg;Евро Мини
Постельное белье Велсофт Набивной КПБ Велсофт Набивной - 021 ;"Велсофт Набивной плед (100% ПЭ)  + простыня и наволочки (100% хлопок) наволочки с клапаном ; плед 220 х 200  (+-3,5 см)  - 1шт простыня 240 х 220 (+-3 см)  - 1шт наволочка 70 х 70 (+-2 см)  - 2шт";1330;13;https://viotex-37.ru//postelnoe-bele/zima-leto/postelnoe-bele-velsoft-nabivnoy-poplin/kpb-velsoft-nabivnoy-021-4552;https://viotex-37.ru/files/catalog/photos/4552/img/kpb-velsoft-nabivnoy-021-4552-1-2.jpg;Евро Мини
Постельное белье Велсофт Набивной КПБ Велсофт Набивной - 020 ;"Велсофт Набивной плед (100% ПЭ)  + простыня и наволочки (100% хлопок) наволочки с клапаном ; плед 220 х 200  (+-3,5 см)  - 1шт простыня 240 х 220 (+-3 см)  - 1шт наволочка 70 х 70 (+-2 см)  - 2шт";1330;13;https://viotex-37.ru//postelnoe-bele/zima-leto/postelnoe-bele-velsoft-nabivnoy-poplin/kpb-velsoft-nabivnoy-020-4508;https://viotex-37.ru/files/catalog/photos/4508/img/kpb-velsoft-nabivnoy-020-4508-1-2.jpg;Евро Мини
Постельное белье Велсофт Набивной КПБ Велсофт Набивной - 018 ;"Велсофт Набивной плед (100% ПЭ)  + простыня и наволочки (100% хлопок) наволочки с клапаном ; плед 200 х 180  (+-3,5 см)  - 1шт простыня 240 х 220 (+-3 см)  - 1шт наволочка 70 х 70 (+-2 см)  - 2шт";1165;13;https://viotex-37.ru//postelnoe-bele/zima-leto/postelnoe-bele-velsoft-nabivnoy-poplin/kpb-velsoft-nabivnoy-018-4575;https://viotex-37.ru/files/catalog/photos/4575/img/kpb-velsoft-nabivnoy-018-4575-1-2.jpg;2-х сп с Евро прост.
Постельное белье Велсофт Набивной КПБ Велсофт Набивной - 018 ;"Велсофт Набивной плед (100% ПЭ)  + простыня и наволочки (100% хлопок) наволочки с клапаном ; плед 220 х 200  (+-3,5 см)  - 1шт простыня 240 х 220 (+-3 см)  - 1шт наволочка 70 х 70 (+-2 см)  - 2шт";1330;13;https://viotex-37.ru//postelnoe-bele/zima-leto/postelnoe-bele-velsoft-nabivnoy-poplin/kpb-velsoft-nabivnoy-018-4575;https://viotex-37.ru/files/catalog/photos/4575/img/kpb-velsoft-nabivnoy-018-4575-1-2.jpg;Евро Мини
Постельное белье Велсофт Набивной КПБ Велсофт Набивной - 017 ;"Велсофт Набивной плед (100% ПЭ)  + простыня и наволочки (100% хлопок) наволочки с клапаном ; плед 200 х 180  (+-3,5 см)  - 1шт простыня 240 х 220 (+-3 см)  - 1шт наволочка 70 х 70 (+-2 см)  - 2шт";1165;13;https://viotex-37.ru//postelnoe-bele/zima-leto/postelnoe-bele-velsoft-nabivnoy-poplin/kpb-velsoft-nabivnoy-017-4574;https://viotex-37.ru/files/catalog/photos/4574/img/kpb-velsoft-nabivnoy-017-4574-1-2.jpg;2-х сп с Евро прост.
Постельное белье Велсофт Набивной КПБ Велсофт Набивной - 017 ;"Велсофт Набивной плед (100% ПЭ)  + простыня и наволочки (100% хлопок) наволочки с клапаном ; плед 220 х 200  (+-3,5 см)  - 1шт простыня 240 х 220 (+-3 см)  - 1шт наволочка 70 х 70 (+-2 см)  - 2шт";1330;13;https://viotex-37.ru//postelnoe-bele/zima-leto/postelnoe-bele-velsoft-nabivnoy-poplin/kpb-velsoft-nabivnoy-017-4574;https://viotex-37.ru/files/catalog/photos/4574/img/kpb-velsoft-nabivnoy-017-4574-1-2.jpg;Евро Мини
Постельное белье Велсофт Набивной КПБ Велсофт Набивной - 015 ;"Велсофт Набивной плед (100% ПЭ)  + простыня и наволочки (100% хлопок) наволочки с клапаном ; плед 200 х 150  (+-3 см)  - 1шт простыня 220 х 150 (+-3 см)  - 1шт наволочка 70 х 70 (+-2 см)  - 2шт";945;13;https://viotex-37.ru//postelnoe-bele/zima-leto/postelnoe-bele-velsoft-nabivnoy-poplin/kpb-velsoft-nabivnoy-015-4589;https://viotex-37.ru/files/catalog/photos/4589/img/kpb-velsoft-nabivnoy-015-4589-1-2.jpg;1,5 сп
Постельное белье Велсофт Набивной КПБ Велсофт Набивной - 014 ;"Велсофт Набивной плед (100% ПЭ)  + простыня и наволочки (100% хлопок) наволочки с клапаном ; плед 200 х 150  (+-3 см)  - 1шт простыня 220 х 150 (+-3 см)  - 1шт наволочка 70 х 70 (+-2 см)  - 2шт";945;13;https://viotex-37.ru//postelnoe-bele/zima-leto/postelnoe-bele-velsoft-nabivnoy-poplin/kpb-velsoft-nabivnoy-014-4576;https://viotex-37.ru/files/catalog/photos/4576/img/kpb-velsoft-nabivnoy-014-4576-1-2.jpg;1,5 сп
Постельное белье Велсофт Набивной КПБ Велсофт Набивной - 014 ;"Велсофт Набивной плед (100% ПЭ)  + простыня и наволочки (100% хлопок) наволочки с клапаном ; плед 220 х 200  (+-3,5 см)  - 1шт простыня 240 х 220 (+-3 см)  - 1шт наволочка 70 х 70 (+-2 см)  - 2шт";1330;13;https://viotex-37.ru//postelnoe-bele/zima-leto/postelnoe-bele-velsoft-nabivnoy-poplin/kpb-velsoft-nabivnoy-014-4576;https://viotex-37.ru/files/catalog/photos/4576/img/kpb-velsoft-nabivnoy-014-4576-1-2.jpg;Евро Мини
Постельное белье Велсофт Набивной КПБ Велсофт Набивной - 001 ;"Велсофт Набивной плед (100% ПЭ)  + простыня и наволочки (100% хлопок) наволочки с клапаном ; плед 200 х 150  (+-3 см)  - 1шт простыня 220 х 150 (+-3 см)  - 1шт наволочка 70 х 70 (+-2 см)  - 2шт";1000;13;https://viotex-37.ru//postelnoe-bele/zima-leto/postelnoe-bele-velsoft-nabivnoy-poplin/kpb-velsoft-nabivnoy-001-3330;https://viotex-37.ru/files/catalog/photos/3330/img/kpb-velsoft-nabivnoy-001-3330-1-2.jpg;1,5 сп
Постельное белье Велсофт Набивной КПБ Велсофт Набивной - 001 ;"Велсофт Набивной плед (100% ПЭ)  + простыня и наволочки (100% хлопок) наволочки с клапаном ; плед 200 х 180  (+-3,5 см)  - 1шт простыня 240 х 220 (+-3 см)  - 1шт наволочка 70 х 70 (+-2 см)  - 2шт";1165;13;https://viotex-37.ru//postelnoe-bele/zima-leto/postelnoe-bele-velsoft-nabivnoy-poplin/kpb-velsoft-nabivnoy-001-3330;https://viotex-37.ru/files/catalog/photos/3330/img/kpb-velsoft-nabivnoy-001-3330-1-2.jpg;2-х сп с Евро прост.
Постельное белье Велсофт Набивной КПБ Велсофт Набивной - 001 ;"Велсофт Набивной плед (100% ПЭ)  + простыня и наволочки (100% хлопок) наволочки с клапаном ; плед 220 х 200  (+-3,5 см)  - 1шт простыня 240 х 220 (+-3 см)  - 1шт наволочка 70 х 70 (+-2 см)  - 2шт";1330;13;https://viotex-37.ru//postelnoe-bele/zima-leto/postelnoe-bele-velsoft-nabivnoy-poplin/kpb-velsoft-nabivnoy-001-3330;https://viotex-37.ru/files/catalog/photos/3330/img/kpb-velsoft-nabivnoy-001-3330-1-2.jpg;Евро Мини
Постельное белье Зима-Лето из поплина с окантовкой   ЗЛПО-975 ;"Поплин плотностью 110-115 г/кв.м, 100% хлопок и ткань / ультрастеп из поплина/ Пододеяльник на молнии, края обработаны окантовочным материалом. Наволочки клапан ( без ""ушек"") ; пододеяльник 215х180 (на молнии) (+-2см) - 1шт простыня 220х180 (+-3см) - 1шт наволочка 70х70 (+-2см) - 2шт";1390;13;https://viotex-37.ru//postelnoe-bele/zima-leto/postelnoe-bele-zima-leto-poplin-s-okantovkoy/-zlpo-975-4680;https://viotex-37.ru/files/catalog/photos/4680/img/zlpo-975-4680-1-2.jpg;2-х сп
Постельное белье Зима-Лето из поплина с окантовкой   ЗЛПО-975 ;"Поплин плотностью 110-115 г/кв.м, 100% хлопок и ткань / ультрастеп из поплина/ Пододеяльник на молнии, края обработаны окантовочным материалом. Наволочки клапан ( без ""ушек"") ; пододеяльник 215х180 (на молнии) (+-2см) - 1шт простыня 240х220 (+-3см) - 1шт наволочка 70х70 (+-2см) - 2шт";1500;13;https://viotex-37.ru//postelnoe-bele/zima-leto/postelnoe-bele-zima-leto-poplin-s-okantovkoy/-zlpo-975-4680;https://viotex-37.ru/files/catalog/photos/4680/img/zlpo-975-4680-1-2.jpg;2-х сп с Евро прост.
Постельное белье Зима-Лето из поплина с окантовкой   ЗЛПО-975 ;"Поплин плотностью 110-115 г/кв.м, 100% хлопок и ткань / ультрастеп из поплина/ Пододеяльник на молнии, края обработаны окантовочным материалом. Наволочки клапан ( без ""ушек"") ; пододеяльник 215х150 (на молнии) (+-2см) - 2 шт простыня 240х220 (+-3см) - 1шт наволочка 70х70 (+-2см) - 2шт";2110;13;https://viotex-37.ru//postelnoe-bele/zima-leto/postelnoe-bele-zima-leto-poplin-s-okantovkoy/-zlpo-975-4680;https://viotex-37.ru/files/catalog/photos/4680/img/zlpo-975-4680-1-2.jpg;Семейный
Постельное белье Зима-Лето из поплина с окантовкой   ЗЛПО-972 ;"Поплин плотностью 110-115 г/кв.м, 100% хлопок и ткань / ультрастеп из поплина/ Пододеяльник на молнии, края обработаны окантовочным материалом. Наволочки клапан ( без ""ушек"") ; пододеяльник 215х150 (на молнии) (+-2см) - 1шт простыня 220х150 (+-3см) - 1шт наволочка 70х70 (+-2см) - 2шт";1220;13;https://viotex-37.ru//postelnoe-bele/zima-leto/postelnoe-bele-zima-leto-poplin-s-okantovkoy/-zlpo-972-4694;https://viotex-37.ru/files/catalog/photos/4694/img/zlpo-972-4694-1-2.jpg;1,5 сп
Постельное белье Зима-Лето из поплина с окантовкой   ЗЛПО-972 ;"Поплин плотностью 110-115 г/кв.м, 100% хлопок и ткань / ультрастеп из поплина/ Пододеяльник на молнии, края обработаны окантовочным материалом. Наволочки клапан ( без ""ушек"") ; пододеяльник 240х215 (на молнии) (+-2см) - 1шт простыня 240х220 (+-3см) - 1шт наволочка 70х70 (+-2см) - 2шт";1720;13;https://viotex-37.ru//postelnoe-bele/zima-leto/postelnoe-bele-zima-leto-poplin-s-okantovkoy/-zlpo-972-4694;https://viotex-37.ru/files/catalog/photos/4694/img/zlpo-972-4694-1-2.jpg;Евро
Постельное белье Зима-Лето из поплина с окантовкой   ЗЛПО-971 ;"Поплин плотностью 110-115 г/кв.м, 100% хлопок и ткань / ультрастеп из поплина/ Пододеяльник на молнии, края обработаны окантовочным материалом. Наволочки клапан ( без ""ушек"") ; пододеяльник 215х150 (на молнии) (+-2см) - 1шт простыня 220х150 (+-3см) - 1шт наволочка 70х70 (+-2см) - 2шт";1220;13;https://viotex-37.ru//postelnoe-bele/zima-leto/postelnoe-bele-zima-leto-poplin-s-okantovkoy/zlpo-971-4693;https://viotex-37.ru/files/catalog/photos/4693/img/zlpo-971-4693-1-2.jpg;1,5 сп
Постельное белье Зима-Лето из поплина с окантовкой   ЗЛПО-971 ;"Поплин плотностью 110-115 г/кв.м, 100% хлопок и ткань / ультрастеп из поплина/ Пододеяльник на молнии, края обработаны окантовочным материалом. Наволочки клапан ( без ""ушек"") ; пододеяльник 215х180 (на молнии) (+-2см) - 1шт простыня 220х180 (+-3см) - 1шт наволочка 70х70 (+-2см) - 2шт";1390;13;https://viotex-37.ru//postelnoe-bele/zima-leto/postelnoe-bele-zima-leto-poplin-s-okantovkoy/zlpo-971-4693;https://viotex-37.ru/files/catalog/photos/4693/img/zlpo-971-4693-1-2.jpg;2-х сп
Постельное белье Зима-Лето из поплина с окантовкой   ЗЛПО-971 ;"Поплин плотностью 110-115 г/кв.м, 100% хлопок и ткань / ультрастеп из поплина/ Пододеяльник на молнии, края обработаны окантовочным материалом. Наволочки клапан ( без ""ушек"") ; пододеяльник 215х180 (на молнии) (+-2см) - 1шт простыня 240х220 (+-3см) - 1шт наволочка 70х70 (+-2см) - 2шт";1500;13;https://viotex-37.ru//postelnoe-bele/zima-leto/postelnoe-bele-zima-leto-poplin-s-okantovkoy/zlpo-971-4693;https://viotex-37.ru/files/catalog/photos/4693/img/zlpo-971-4693-1-2.jpg;2-х сп с Евро прост.
Постельное белье Зима-Лето из поплина с окантовкой   ЗЛПО-971 ;"Поплин плотностью 110-115 г/кв.м, 100% хлопок и ткань / ультрастеп из поплина/ Пододеяльник на молнии, края обработаны окантовочным материалом. Наволочки клапан ( без ""ушек"") ; пододеяльник 240х215 (на молнии) (+-2см) - 1шт простыня 240х220 (+-3см) - 1шт наволочка 70х70 (+-2см) - 2шт";1720;13;https://viotex-37.ru//postelnoe-bele/zima-leto/postelnoe-bele-zima-leto-poplin-s-okantovkoy/zlpo-971-4693;https://viotex-37.ru/files/catalog/photos/4693/img/zlpo-971-4693-1-2.jpg;Евро
Постельное белье Зима-Лето из поплина с окантовкой   ЗЛПО-971 ;"Поплин плотностью 110-115 г/кв.м, 100% хлопок и ткань / ультрастеп из поплина/ Пододеяльник на молнии, края обработаны окантовочным материалом. Наволочки клапан ( без ""ушек"") ; пододеяльник 215х150 (на молнии) (+-2см) - 2 шт простыня 240х220 (+-3см) - 1шт наволочка 70х70 (+-2см) - 2шт";2110;13;https://viotex-37.ru//postelnoe-bele/zima-leto/postelnoe-bele-zima-leto-poplin-s-okantovkoy/zlpo-971-4693;https://viotex-37.ru/files/catalog/photos/4693/img/zlpo-971-4693-1-2.jpg;Семейный
Постельное белье Зима-Лето из поплина с окантовкой   ЗЛПО-967 ;"Поплин плотностью 110-115 г/кв.м, 100% хлопок и ткань / ультрастеп из поплина/ Пододеяльник на молнии, края обработаны окантовочным материалом. Наволочки клапан ( без ""ушек"") ; пододеяльник 215х180 (на молнии) (+-2см) - 1шт простыня 220х180 (+-3см) - 1шт наволочка 70х70 (+-2см) - 2шт";1390;13;https://viotex-37.ru//postelnoe-bele/zima-leto/postelnoe-bele-zima-leto-poplin-s-okantovkoy/-zlpo-967-4679;https://viotex-37.ru/files/catalog/photos/4679/img/zlpo-967-4679-1-2.jpg;2-х сп
Постельное белье Зима-Лето из поплина с окантовкой   ЗЛПО-966 ;"Поплин плотностью 110-115 г/кв.м, 100% хлопок и ткань / ультрастеп из поплина/ Пододеяльник на молнии, края обработаны окантовочным материалом. Наволочки клапан ( без ""ушек"") ; пододеяльник 215х180 (на молнии) (+-2см) - 1шт простыня 240х220 (+-3см) - 1шт наволочка 70х70 (+-2см) - 2шт";1500;13;https://viotex-37.ru//postelnoe-bele/zima-leto/postelnoe-bele-zima-leto-poplin-s-okantovkoy/-zlpo-966-4697;https://viotex-37.ru/files/catalog/photos/4697/img/zlpo-966-4697-1-2.jpg;2-х сп с Евро прост.
Постельное белье Зима-Лето из поплина с окантовкой   ЗЛПО-966 ;"Поплин плотностью 110-115 г/кв.м, 100% хлопок и ткань / ультрастеп из поплина/ Пододеяльник на молнии, края обработаны окантовочным материалом. Наволочки клапан ( без ""ушек"") ; пододеяльник 240х215 (на молнии) (+-2см) - 1шт простыня 240х220 (+-3см) - 1шт наволочка 70х70 (+-2см) - 2шт";1720;13;https://viotex-37.ru//postelnoe-bele/zima-leto/postelnoe-bele-zima-leto-poplin-s-okantovkoy/-zlpo-966-4697;https://viotex-37.ru/files/catalog/photos/4697/img/zlpo-966-4697-1-2.jpg;Евро
Постельное белье Зима-Лето из поплина с окантовкой   ЗЛПО-965 ;"Поплин плотностью 110-115 г/кв.м, 100% хлопок и ткань / ультрастеп из поплина/ Пододеяльник на молнии, края обработаны окантовочным материалом. Наволочки клапан ( без ""ушек"") ; пододеяльник 215х180 (на молнии) (+-2см) - 1шт простыня 220х180 (+-3см) - 1шт наволочка 70х70 (+-2см) - 2шт";1390;13;https://viotex-37.ru//postelnoe-bele/zima-leto/postelnoe-bele-zima-leto-poplin-s-okantovkoy/-zlpo-965-4702;https://viotex-37.ru/files/catalog/photos/4702/img/zlpo-965-4702-1-2.jpg;2-х сп
Постельное белье Зима-Лето из поплина с окантовкой   ЗЛПО-965 ;"Поплин плотностью 110-115 г/кв.м, 100% хлопок и ткань / ультрастеп из поплина/ Пододеяльник на молнии, края обработаны окантовочным материалом. Наволочки клапан ( без ""ушек"") ; пододеяльник 215х180 (на молнии) (+-2см) - 1шт простыня 240х220 (+-3см) - 1шт наволочка 70х70 (+-2см) - 2шт";1500;13;https://viotex-37.ru//postelnoe-bele/zima-leto/postelnoe-bele-zima-leto-poplin-s-okantovkoy/-zlpo-965-4702;https://viotex-37.ru/files/catalog/photos/4702/img/zlpo-965-4702-1-2.jpg;2-х сп с Евро прост.
Постельное белье Зима-Лето из поплина с окантовкой   ЗЛПО-965 ;"Поплин плотностью 110-115 г/кв.м, 100% хлопок и ткань / ультрастеп из поплина/ Пододеяльник на молнии, края обработаны окантовочным материалом. Наволочки клапан ( без ""ушек"") ; пододеяльник 240х215 (на молнии) (+-2см) - 1шт простыня 240х220 (+-3см) - 1шт наволочка 70х70 (+-2см) - 2шт";1720;13;https://viotex-37.ru//postelnoe-bele/zima-leto/postelnoe-bele-zima-leto-poplin-s-okantovkoy/-zlpo-965-4702;https://viotex-37.ru/files/catalog/photos/4702/img/zlpo-965-4702-1-2.jpg;Евро
Постельное белье Зима-Лето из поплина с окантовкой   ЗЛПО-964 ;"Поплин плотностью 110-115 г/кв.м, 100% хлопок и ткань / ультрастеп из поплина/ Пододеяльник на молнии, края обработаны окантовочным материалом. Наволочки клапан ( без ""ушек"") ; пододеяльник 215х180 (на молнии) (+-2см) - 1шт простыня 220х180 (+-3см) - 1шт наволочка 70х70 (+-2см) - 2шт";1390;13;https://viotex-37.ru//postelnoe-bele/zima-leto/postelnoe-bele-zima-leto-poplin-s-okantovkoy/-zlpo-964-4678;https://viotex-37.ru/files/catalog/photos/4678/img/zlpo-964-4678-1-2.jpg;2-х сп
Постельное белье Зима-Лето из поплина с окантовкой   ЗЛПО-964 ;"Поплин плотностью 110-115 г/кв.м, 100% хлопок и ткань / ультрастеп из поплина/ Пододеяльник на молнии, края обработаны окантовочным материалом. Наволочки клапан ( без ""ушек"") ; пододеяльник 215х180 (на молнии) (+-2см) - 1шт простыня 240х220 (+-3см) - 1шт наволочка 70х70 (+-2см) - 2шт";1500;13;https://viotex-37.ru//postelnoe-bele/zima-leto/postelnoe-bele-zima-leto-poplin-s-okantovkoy/-zlpo-964-4678;https://viotex-37.ru/files/catalog/photos/4678/img/zlpo-964-4678-1-2.jpg;2-х сп с Евро прост.
Постельное белье Зима-Лето из поплина с окантовкой   ЗЛПО-964 ;"Поплин плотностью 110-115 г/кв.м, 100% хлопок и ткань / ультрастеп из поплина/ Пододеяльник на молнии, края обработаны окантовочным материалом. Наволочки клапан ( без ""ушек"") ; пододеяльник 240х215 (на молнии) (+-2см) - 1шт простыня 240х220 (+-3см) - 1шт наволочка 70х70 (+-2см) - 2шт";1720;13;https://viotex-37.ru//postelnoe-bele/zima-leto/postelnoe-bele-zima-leto-poplin-s-okantovkoy/-zlpo-964-4678;https://viotex-37.ru/files/catalog/photos/4678/img/zlpo-964-4678-1-2.jpg;Евро
Постельное белье Зима-Лето из поплина с окантовкой   ЗЛПО-963 ;"Поплин плотностью 110-115 г/кв.м, 100% хлопок и ткань / ультрастеп из поплина/ Пододеяльник на молнии, края обработаны окантовочным материалом. Наволочки клапан ( без ""ушек"") ; пододеяльник 215х180 (на молнии) (+-2см) - 1шт простыня 220х180 (+-3см) - 1шт наволочка 70х70 (+-2см) - 2шт";1390;13;https://viotex-37.ru//postelnoe-bele/zima-leto/postelnoe-bele-zima-leto-poplin-s-okantovkoy/-zlpo-963-4677;https://viotex-37.ru/files/catalog/photos/4677/img/zlpo-963-4677-1-2.jpg;2-х сп
Постельное белье Зима-Лето из поплина с окантовкой   ЗЛПО-962 ;"Поплин плотностью 110-115 г/кв.м, 100% хлопок и ткань / ультрастеп из поплина/ Пододеяльник на молнии, края обработаны окантовочным материалом. Наволочки клапан ( без ""ушек"") ; пододеяльник 215х180 (на молнии) (+-2см) - 1шт простыня 220х180 (+-3см) - 1шт наволочка 70х70 (+-2см) - 2шт";1390;13;https://viotex-37.ru//postelnoe-bele/zima-leto/postelnoe-bele-zima-leto-poplin-s-okantovkoy/-zlpo-962-4696;https://viotex-37.ru/files/catalog/photos/4696/img/zlpo-962-4696-1-2.jpg;2-х сп
Постельное белье Зима-Лето из поплина с окантовкой   ЗЛПО-962 ;"Поплин плотностью 110-115 г/кв.м, 100% хлопок и ткань / ультрастеп из поплина/ Пододеяльник на молнии, края обработаны окантовочным материалом. Наволочки клапан ( без ""ушек"") ; пододеяльник 215х180 (на молнии) (+-2см) - 1шт простыня 240х220 (+-3см) - 1шт наволочка 70х70 (+-2см) - 2шт";1500;13;https://viotex-37.ru//postelnoe-bele/zima-leto/postelnoe-bele-zima-leto-poplin-s-okantovkoy/-zlpo-962-4696;https://viotex-37.ru/files/catalog/photos/4696/img/zlpo-962-4696-1-2.jpg;2-х сп с Евро прост.
Постельное белье Зима-Лето из поплина с окантовкой   ЗЛПО-958 ;"Поплин плотностью 110-115 г/кв.м, 100% хлопок и ткань / ультрастеп из поплина/ Пододеяльник на молнии, края обработаны окантовочным материалом. Наволочки клапан ( без ""ушек"") ; пододеяльник 215х180 (на молнии) (+-2см) - 1шт простыня 240х220 (+-3см) - 1шт наволочка 70х70 (+-2см) - 2шт";1500;13;https://viotex-37.ru//postelnoe-bele/zima-leto/postelnoe-bele-zima-leto-poplin-s-okantovkoy/-zlpo-958-4652;https://viotex-37.ru/files/catalog/photos/4652/img/zlpo-958-4652-1-2.jpg;2-х сп с Евро прост.
Постельное белье Зима-Лето из поплина с окантовкой   ЗЛПО-958 ;"Поплин плотностью 110-115 г/кв.м, 100% хлопок и ткань / ультрастеп из поплина/ Пододеяльник на молнии, края обработаны окантовочным материалом. Наволочки клапан ( без ""ушек"") ; пододеяльник 240х215 (на молнии) (+-2см) - 1шт простыня 240х220 (+-3см) - 1шт наволочка 70х70 (+-2см) - 2шт";1720;13;https://viotex-37.ru//postelnoe-bele/zima-leto/postelnoe-bele-zima-leto-poplin-s-okantovkoy/-zlpo-958-4652;https://viotex-37.ru/files/catalog/photos/4652/img/zlpo-958-4652-1-2.jpg;Евро
Постельное белье Зима-Лето из поплина с окантовкой   ЗЛПО-813 ;"Поплин плотностью 110-115 г/кв.м, 100% хлопок и ткань / ультрастеп из поплина/ Пододеяльник на молнии, края обработаны окантовочным материалом. Наволочки клапан ( без ""ушек"") ; пододеяльник 240х215 (на молнии) (+-2см) - 1шт простыня 240х220 (+-3см) - 1шт наволочка 70х70 (+-2см) - 2шт";1720;13;https://viotex-37.ru//postelnoe-bele/zima-leto/postelnoe-bele-zima-leto-poplin-s-okantovkoy/-zlpo-813-4621;https://viotex-37.ru/files/catalog/photos/4621/img/zlpo-813-4621-1-2.jpg;Евро
Постельное белье Зима-Лето из поплина с окантовкой   ЗЛПО-811 ;"Поплин плотностью 110-115 г/кв.м, 100% хлопок и ткань / ультрастеп из поплина/ Пододеяльник на молнии, края обработаны окантовочным материалом. Наволочки клапан ( без ""ушек"") ; пододеяльник 240х215 (на молнии) (+-2см) - 1шт простыня 240х220 (+-3см) - 1шт наволочка 70х70 (+-2см) - 2шт";1720;13;https://viotex-37.ru//postelnoe-bele/zima-leto/postelnoe-bele-zima-leto-poplin-s-okantovkoy/-zlpo-811-4593;https://viotex-37.ru/files/catalog/photos/4593/img/zlpo-811-4593-1-2.jpg;Евро
Постельное белье Зима-Лето из поплина с окантовкой   ЗЛПО-810 ;"Поплин плотностью 110-115 г/кв.м, 100% хлопок и ткань / ультрастеп из поплина/ Пододеяльник на молнии, края обработаны окантовочным материалом. Наволочки клапан ( без ""ушек"") ; пододеяльник 215х180 (на молнии) (+-2см) - 1шт простыня 240х220 (+-3см) - 1шт наволочка 70х70 (+-2см) - 2шт";1500;13;https://viotex-37.ru//postelnoe-bele/zima-leto/postelnoe-bele-zima-leto-poplin-s-okantovkoy/-zlpo-810-4620;https://viotex-37.ru/files/catalog/photos/4620/img/zlpo-810-4620-1-2.jpg;2-х сп с Евро прост.
Постельное белье Зима-Лето из поплина с окантовкой   ЗЛПО-810 ;"Поплин плотностью 110-115 г/кв.м, 100% хлопок и ткань / ультрастеп из поплина/ Пододеяльник на молнии, края обработаны окантовочным материалом. Наволочки клапан ( без ""ушек"") ; пододеяльник 240х215 (на молнии) (+-2см) - 1шт простыня 240х220 (+-3см) - 1шт наволочка 70х70 (+-2см) - 2шт";1720;13;https://viotex-37.ru//postelnoe-bele/zima-leto/postelnoe-bele-zima-leto-poplin-s-okantovkoy/-zlpo-810-4620;https://viotex-37.ru/files/catalog/photos/4620/img/zlpo-810-4620-1-2.jpg;Евро
Постельное белье Зима-Лето из поплина с окантовкой   ЗЛПО-658 ;"Поплин плотностью 110-115 г/кв.м, 100% хлопок и ткань / ультрастеп из поплина/ Пододеяльник на молнии, края обработаны окантовочным материалом. Наволочки клапан ( без ""ушек"") ; пододеяльник 215х180 (на молнии) (+-2см) - 1шт простыня 220х180 (+-3см) - 1шт наволочка 70х70 (+-2см) - 2шт";1390;13;https://viotex-37.ru//postelnoe-bele/zima-leto/postelnoe-bele-zima-leto-poplin-s-okantovkoy/-zlpo-658-4703;https://viotex-37.ru/files/catalog/photos/4703/img/zlpo-658-4703-1-2.jpg;2-х сп
Постельное белье Зима-Лето из поплина с окантовкой   ЗЛПО-658 ;"Поплин плотностью 110-115 г/кв.м, 100% хлопок и ткань / ультрастеп из поплина/ Пододеяльник на молнии, края обработаны окантовочным материалом. Наволочки клапан ( без ""ушек"") ; пододеяльник 215х150 (на молнии) (+-2см) - 2 шт простыня 240х220 (+-3см) - 1шт наволочка 70х70 (+-2см) - 2шт";2110;13;https://viotex-37.ru//postelnoe-bele/zima-leto/postelnoe-bele-zima-leto-poplin-s-okantovkoy/-zlpo-658-4703;https://viotex-37.ru/files/catalog/photos/4703/img/zlpo-658-4703-1-2.jpg;Семейный
Постельное белье Зима-Лето из поплина с окантовкой   ЗЛПО-653 ;"Поплин плотностью 110-115 г/кв.м, 100% хлопок и ткань / ультрастеп из поплина/ Пододеяльник на молнии, края обработаны окантовочным материалом. Наволочки клапан ( без ""ушек"") ; пододеяльник 215х180 (на молнии) (+-2см) - 1шт простыня 220х180 (+-3см) - 1шт наволочка 70х70 (+-2см) - 2шт";1390;13;https://viotex-37.ru//postelnoe-bele/zima-leto/postelnoe-bele-zima-leto-poplin-s-okantovkoy/-zlpo-653-4704;https://viotex-37.ru/files/catalog/photos/4704/img/zlpo-653-4704-1-2.jpg;2-х сп
Постельное белье Зима-Лето из поплина с окантовкой   ЗЛПО-653 ;"Поплин плотностью 110-115 г/кв.м, 100% хлопок и ткань / ультрастеп из поплина/ Пододеяльник на молнии, края обработаны окантовочным материалом. Наволочки клапан ( без ""ушек"") ; пододеяльник 215х180 (на молнии) (+-2см) - 1шт простыня 240х220 (+-3см) - 1шт наволочка 70х70 (+-2см) - 2шт";1500;13;https://viotex-37.ru//postelnoe-bele/zima-leto/postelnoe-bele-zima-leto-poplin-s-okantovkoy/-zlpo-653-4704;https://viotex-37.ru/files/catalog/photos/4704/img/zlpo-653-4704-1-2.jpg;2-х сп с Евро прост.
Постельное белье Зима-Лето из поплина с окантовкой   ЗЛПО-653 ;"Поплин плотностью 110-115 г/кв.м, 100% хлопок и ткань / ультрастеп из поплина/ Пододеяльник на молнии, края обработаны окантовочным материалом. Наволочки клапан ( без ""ушек"") ; пододеяльник 240х215 (на молнии) (+-2см) - 1шт простыня 240х220 (+-3см) - 1шт наволочка 70х70 (+-2см) - 2шт";1720;13;https://viotex-37.ru//postelnoe-bele/zima-leto/postelnoe-bele-zima-leto-poplin-s-okantovkoy/-zlpo-653-4704;https://viotex-37.ru/files/catalog/photos/4704/img/zlpo-653-4704-1-2.jpg;Евро
Постельное белье Зима-Лето из поплина с окантовкой   ЗЛПО-653 ;"Поплин плотностью 110-115 г/кв.м, 100% хлопок и ткань / ультрастеп из поплина/ Пододеяльник на молнии, края обработаны окантовочным материалом. Наволочки клапан ( без ""ушек"") ; пододеяльник 215х150 (на молнии) (+-2см) - 2 шт простыня 240х220 (+-3см) - 1шт наволочка 70х70 (+-2см) - 2шт";2110;13;https://viotex-37.ru//postelnoe-bele/zima-leto/postelnoe-bele-zima-leto-poplin-s-okantovkoy/-zlpo-653-4704;https://viotex-37.ru/files/catalog/photos/4704/img/zlpo-653-4704-1-2.jpg;Семейный
Постельное белье Зима-Лето из поплина с окантовкой   ЗЛПО-622 ;"Поплин плотностью 110-115 г/кв.м, 100% хлопок и ткань / ультрастеп из поплина/ Пододеяльник на молнии, края обработаны окантовочным материалом. Наволочки клапан ( без ""ушек"") ; пододеяльник 215х180 (на молнии) (+-2см) - 1шт простыня 220х180 (+-3см) - 1шт наволочка 70х70 (+-2см) - 2шт";1390;13;https://viotex-37.ru//postelnoe-bele/zima-leto/postelnoe-bele-zima-leto-poplin-s-okantovkoy/zlpo-622-4705;https://viotex-37.ru/files/catalog/photos/4705/img/zlpo-622-4705-1-2.jpg;2-х сп
Постельное белье Зима-Лето из поплина с окантовкой   ЗЛПО-622 ;"Поплин плотностью 110-115 г/кв.м, 100% хлопок и ткань / ультрастеп из поплина/ Пододеяльник на молнии, края обработаны окантовочным материалом. Наволочки клапан ( без ""ушек"") ; пододеяльник 215х180 (на молнии) (+-2см) - 1шт простыня 240х220 (+-3см) - 1шт наволочка 70х70 (+-2см) - 2шт";1500;13;https://viotex-37.ru//postelnoe-bele/zima-leto/postelnoe-bele-zima-leto-poplin-s-okantovkoy/zlpo-622-4705;https://viotex-37.ru/files/catalog/photos/4705/img/zlpo-622-4705-1-2.jpg;2-х сп с Евро прост.
Постельное белье Зима-Лето из поплина с окантовкой   ЗЛПО-622 ;"Поплин плотностью 110-115 г/кв.м, 100% хлопок и ткань / ультрастеп из поплина/ Пододеяльник на молнии, края обработаны окантовочным материалом. Наволочки клапан ( без ""ушек"") ; пододеяльник 240х215 (на молнии) (+-2см) - 1шт простыня 240х220 (+-3см) - 1шт наволочка 70х70 (+-2см) - 2шт";1720;13;https://viotex-37.ru//postelnoe-bele/zima-leto/postelnoe-bele-zima-leto-poplin-s-okantovkoy/zlpo-622-4705;https://viotex-37.ru/files/catalog/photos/4705/img/zlpo-622-4705-1-2.jpg;Евро
Постельное белье Зима-Лето из поплина с окантовкой   ЗЛПО-452 ;"Поплин плотностью 110-115 г/кв.м, 100% хлопок и ткань / ультрастеп из поплина/ Пододеяльник на молнии, края обработаны окантовочным материалом. Наволочки клапан ( без ""ушек"") ; пододеяльник 215х150 (на молнии) (+-2см) - 1шт простыня 220х150 (+-3см) - 1шт наволочка 70х70 (+-2см) - 2шт";1220;13;https://viotex-37.ru//postelnoe-bele/zima-leto/postelnoe-bele-zima-leto-poplin-s-okantovkoy/-zlpo-452-4547;https://viotex-37.ru/files/catalog/photos/4547/img/zlpo-452-4547-1-2.jpg;1,5 сп
Постельное белье Зима-Лето из поплина с окантовкой   ЗЛПО-452 ;"Поплин плотностью 110-115 г/кв.м, 100% хлопок и ткань / ультрастеп из поплина/ Пододеяльник на молнии, края обработаны окантовочным материалом. Наволочки клапан ( без ""ушек"") ; пододеяльник 215х180 (на молнии) (+-2см) - 1шт простыня 220х180 (+-3см) - 1шт наволочка 70х70 (+-2см) - 2шт";1390;13;https://viotex-37.ru//postelnoe-bele/zima-leto/postelnoe-bele-zima-leto-poplin-s-okantovkoy/-zlpo-452-4547;https://viotex-37.ru/files/catalog/photos/4547/img/zlpo-452-4547-1-2.jpg;2-х сп
Постельное белье Зима-Лето из поплина с окантовкой   ЗЛПО-452 ;"Поплин плотностью 110-115 г/кв.м, 100% хлопок и ткань / ультрастеп из поплина/ Пододеяльник на молнии, края обработаны окантовочным материалом. Наволочки клапан ( без ""ушек"") ; пододеяльник 215х180 (на молнии) (+-2см) - 1шт простыня 240х220 (+-3см) - 1шт наволочка 70х70 (+-2см) - 2шт";1500;13;https://viotex-37.ru//postelnoe-bele/zima-leto/postelnoe-bele-zima-leto-poplin-s-okantovkoy/-zlpo-452-4547;https://viotex-37.ru/files/catalog/photos/4547/img/zlpo-452-4547-1-2.jpg;2-х сп с Евро прост.
Постельное белье Зима-Лето из поплина с окантовкой   ЗЛПО-452 ;"Поплин плотностью 110-115 г/кв.м, 100% хлопок и ткань / ультрастеп из поплина/ Пододеяльник на молнии, края обработаны окантовочным материалом. Наволочки клапан ( без ""ушек"") ; пододеяльник 240х215 (на молнии) (+-2см) - 1шт простыня 240х220 (+-3см) - 1шт наволочка 70х70 (+-2см) - 2шт";1720;13;https://viotex-37.ru//postelnoe-bele/zima-leto/postelnoe-bele-zima-leto-poplin-s-okantovkoy/-zlpo-452-4547;https://viotex-37.ru/files/catalog/photos/4547/img/zlpo-452-4547-1-2.jpg;Евро
Постельное белье Зима-Лето из поплина с окантовкой   ЗЛПО-452 ;"Поплин плотностью 110-115 г/кв.м, 100% хлопок и ткань / ультрастеп из поплина/ Пододеяльник на молнии, края обработаны окантовочным материалом. Наволочки клапан ( без ""ушек"") ; пододеяльник 215х150 (на молнии) (+-2см) - 2 шт простыня 240х220 (+-3см) - 1шт наволочка 70х70 (+-2см) - 2шт";2110;13;https://viotex-37.ru//postelnoe-bele/zima-leto/postelnoe-bele-zima-leto-poplin-s-okantovkoy/-zlpo-452-4547;https://viotex-37.ru/files/catalog/photos/4547/img/zlpo-452-4547-1-2.jpg;Семейный
Постельное белье Зима-Лето из поплина с окантовкой   ЗЛПО-067 ;"Поплин плотностью 110-115 г/кв.м, 100% хлопок и ткань / ультрастеп из поплина/ Пододеяльник на молнии, края обработаны окантовочным материалом. Наволочки клапан ( без ""ушек"") ; пододеяльник 215х180 (на молнии) (+-2см) - 1шт простыня 220х180 (+-3см) - 1шт наволочка 70х70 (+-2см) - 2шт";1390;13;https://viotex-37.ru//postelnoe-bele/zima-leto/postelnoe-bele-zima-leto-poplin-s-okantovkoy/-zlpo-067-4309;https://viotex-37.ru/files/catalog/photos/4309/img/zlpo-067-4309-1-2.jpg;2-х сп
Постельное белье Зима-Лето из поплина с окантовкой   ЗЛПО-067 ;"Поплин плотностью 110-115 г/кв.м, 100% хлопок и ткань / ультрастеп из поплина/ Пододеяльник на молнии, края обработаны окантовочным материалом. Наволочки клапан ( без ""ушек"") ; пододеяльник 240х215 (на молнии) (+-2см) - 1шт простыня 240х220 (+-3см) - 1шт наволочка 70х70 (+-2см) - 2шт";1720;13;https://viotex-37.ru//postelnoe-bele/zima-leto/postelnoe-bele-zima-leto-poplin-s-okantovkoy/-zlpo-067-4309;https://viotex-37.ru/files/catalog/photos/4309/img/zlpo-067-4309-1-2.jpg;Евро
Постельное белье Зима-Лето из поплина с окантовкой   ЗЛПО-014 ;"Поплин плотностью 110-115 г/кв.м, 100% хлопок и ткань / ультрастеп из поплина/ Пододеяльник на молнии, края обработаны окантовочным материалом. Наволочки клапан ( без ""ушек"") ; пододеяльник 215х150 (на молнии) (+-2см) - 1шт простыня 220х150 (+-3см) - 1шт наволочка 70х70 (+-2см) - 2шт";1220;13;https://viotex-37.ru//postelnoe-bele/zima-leto/postelnoe-bele-zima-leto-poplin-s-okantovkoy/-zlpo-014-4008;https://viotex-37.ru/files/catalog/photos/4008/img/zlpo-014-4008-1-2.jpg;1,5 сп
Постельное белье Зима-Лето из поплина с окантовкой   ЗЛПО-014 ;"Поплин плотностью 110-115 г/кв.м, 100% хлопок и ткань / ультрастеп из поплина/ Пододеяльник на молнии, края обработаны окантовочным материалом. Наволочки клапан ( без ""ушек"") ; пододеяльник 215х180 (на молнии) (+-2см) - 1шт простыня 220х180 (+-3см) - 1шт наволочка 70х70 (+-2см) - 2шт";1390;13;https://viotex-37.ru//postelnoe-bele/zima-leto/postelnoe-bele-zima-leto-poplin-s-okantovkoy/-zlpo-014-4008;https://viotex-37.ru/files/catalog/photos/4008/img/zlpo-014-4008-1-2.jpg;2-х сп
Постельное белье Зима-Лето из поплина с окантовкой   ЗЛПО-014 ;"Поплин плотностью 110-115 г/кв.м, 100% хлопок и ткань / ультрастеп из поплина/ Пододеяльник на молнии, края обработаны окантовочным материалом. Наволочки клапан ( без ""ушек"") ; пододеяльник 215х180 (на молнии) (+-2см) - 1шт простыня 240х220 (+-3см) - 1шт наволочка 70х70 (+-2см) - 2шт";1500;13;https://viotex-37.ru//postelnoe-bele/zima-leto/postelnoe-bele-zima-leto-poplin-s-okantovkoy/-zlpo-014-4008;https://viotex-37.ru/files/catalog/photos/4008/img/zlpo-014-4008-1-2.jpg;2-х сп с Евро прост.
Постельное белье Зима-Лето из поплина с окантовкой   ЗЛПО-014 ;"Поплин плотностью 110-115 г/кв.м, 100% хлопок и ткань / ультрастеп из поплина/ Пододеяльник на молнии, края обработаны окантовочным материалом. Наволочки клапан ( без ""ушек"") ; пододеяльник 240х215 (на молнии) (+-2см) - 1шт простыня 240х220 (+-3см) - 1шт наволочка 70х70 (+-2см) - 2шт";1720;13;https://viotex-37.ru//postelnoe-bele/zima-leto/postelnoe-bele-zima-leto-poplin-s-okantovkoy/-zlpo-014-4008;https://viotex-37.ru/files/catalog/photos/4008/img/zlpo-014-4008-1-2.jpg;Евро
Постельное белье Зима-Лето из поплина с окантовкой   ЗЛПО-014 ;"Поплин плотностью 110-115 г/кв.м, 100% хлопок и ткань / ультрастеп из поплина/ Пододеяльник на молнии, края обработаны окантовочным материалом. Наволочки клапан ( без ""ушек"") ; пододеяльник 215х150 (на молнии) (+-2см) - 2 шт простыня 240х220 (+-3см) - 1шт наволочка 70х70 (+-2см) - 2шт";2110;13;https://viotex-37.ru//postelnoe-bele/zima-leto/postelnoe-bele-zima-leto-poplin-s-okantovkoy/-zlpo-014-4008;https://viotex-37.ru/files/catalog/photos/4008/img/zlpo-014-4008-1-2.jpg;Семейный
Постельное белье Зима-Лето шелк с поплином ЗЛШ-042 шоколад ;"шелка искусственный115г/м2, поплина 110 г/м2. Состав: 100% хлопок наволочки клапан, пододеяльник вход снизу ; пододеяльник 215х150 (на молнии) (+-2 см) - 1шт простыня 220х150 (+-3 см)- 1шт наволочка 70х70(+-2 см) - 2шт";1215;13;https://viotex-37.ru//postelnoe-bele/zima-leto/zima-leto-shelk-s-poplinom/zlsh-042-shokolad-3044;https://viotex-37.ru/files/catalog/photos/3044/img/zlsh-042-shokolad-3044-1-2.jpg;1,5 сп
Постельное белье Зима-Лето шелк с поплином ЗЛШ-032 сталь ;"шелка искусственный115г/м2, поплина 110 г/м2. Состав: 100% хлопок наволочки клапан, пододеяльник вход снизу ; пододеяльник 215х150 (на молнии) (+-2 см) - 1шт простыня 220х150 (+-3 см)- 1шт наволочка 70х70(+-2 см) - 2шт";1215;13;https://viotex-37.ru//postelnoe-bele/zima-leto/zima-leto-shelk-s-poplinom/zlsh-032-stal-4283;https://viotex-37.ru/files/catalog/photos/4283/img/zlsh-032-stal-4283-1-2.jpg;1,5 сп
Постельное белье Зима-Лето шелк с поплином ЗЛШ-031 розовый ;"шелка искусственный115г/м2, поплина 110 г/м2. Состав: 100% хлопок наволочки клапан, пододеяльник вход снизу ; пододеяльник 240х215 (на молнии) (+-2 см) - 1шт простыня 240х220(+-3 см) - 1шт наволочка 70х70 (+-2 см) - 2шт";1675;13;https://viotex-37.ru//postelnoe-bele/zima-leto/zima-leto-shelk-s-poplinom/zlsh-031-rozovyy-450;https://viotex-37.ru/files/catalog/photos/450/img/zlsh-031-rozovyy-450-1-2.jpg;Евро
Постельное белье Зима-Лето шелк с поплином ЗЛШ-031 розовый ;"шелка искусственный115г/м2, поплина 110 г/м2. Состав: 100% хлопок наволочки клапан, пододеяльник вход снизу ; пододеяльник 215х150 (на молнии)(+-2 см) - 2шт простыня 240х220 (+-3 см)- 1шт наволочка 70х70(+-2 см) - 2шт";2030;13;https://viotex-37.ru//postelnoe-bele/zima-leto/zima-leto-shelk-s-poplinom/zlsh-031-rozovyy-450;https://viotex-37.ru/files/catalog/photos/450/img/zlsh-031-rozovyy-450-1-2.jpg;Семейный
Постельное белье Зима-Лето шелк с поплином ЗЛШ-030 синий ;"шелка искусственный115г/м2, поплина 110 г/м2. Состав: 100% хлопок наволочки клапан, пододеяльник вход снизу ; пододеяльник 215х150 (на молнии) (+-2 см) - 1шт простыня 220х150 (+-3 см)- 1шт наволочка 70х70(+-2 см) - 2шт";1215;13;https://viotex-37.ru//postelnoe-bele/zima-leto/zima-leto-shelk-s-poplinom/zlsh-030-siniy-449;https://viotex-37.ru/files/catalog/photos/449/img/zlsh-030-siniy-449-1-2.jpg;1,5 сп
Постельное белье Зима-Лето шелк с поплином ЗЛШ-029 персик ;"шелка искусственный115г/м2, поплина 110 г/м2. Состав: 100% хлопок наволочки клапан, пододеяльник вход снизу ; пододеяльник 215х150 (на молнии) (+-2 см) - 1шт простыня 220х150 (+-3 см)- 1шт наволочка 70х70(+-2 см) - 2шт";1215;13;https://viotex-37.ru//postelnoe-bele/zima-leto/zima-leto-shelk-s-poplinom/zlsh-029-persik-4282;https://viotex-37.ru/files/catalog/photos/4282/img/zlsh-029-persik-4282-1-2.jpg;1,5 сп
Постельное белье Зима-Лето шелк с поплином ЗЛШ-028 беж ;"шелка искусственный115г/м2, поплина 110 г/м2. Состав: 100% хлопок наволочки клапан, пододеяльник вход снизу ; пододеяльник 215х150 (на молнии) (+-2 см) - 1шт простыня 220х150 (+-3 см)- 1шт наволочка 70х70(+-2 см) - 2шт";1215;13;https://viotex-37.ru//postelnoe-bele/zima-leto/zima-leto-shelk-s-poplinom/zlsh-028-bej-447;https://viotex-37.ru/files/catalog/photos/447/img/zlsh-028-bej-447-1-2.jpg;1,5 сп
Постельное белье Зима-Лето шелк с поплином ЗЛШ-025 сирень радуга ;"шелка искусственный115г/м2, поплина 110 г/м2. Состав: 100% хлопок наволочки клапан, пододеяльник вход снизу ; пододеяльник 215х150 (на молнии) (+-2 см) - 1шт простыня 220х150 (+-3 см)- 1шт наволочка 70х70(+-2 см) - 2шт";1215;13;https://viotex-37.ru//postelnoe-bele/zima-leto/zima-leto-shelk-s-poplinom/zlsh-025-siren-raduga-4281;https://viotex-37.ru/files/catalog/photos/4281/img/zlsh-025-siren-raduga-4281-1-2.jpg;1,5 сп
Постельное белье Зима-Лето шелк с поплином ЗЛШ-025 сирень ;"шелка искусственный115г/м2, поплина 110 г/м2. Состав: 100% хлопок наволочки клапан, пододеяльник вход снизу ; пододеяльник 215х150 (на молнии) (+-2 см) - 1шт простыня 220х150 (+-3 см)- 1шт наволочка 70х70(+-2 см) - 2шт";1215;13;https://viotex-37.ru//postelnoe-bele/zima-leto/zima-leto-shelk-s-poplinom/zlsh-025-siren-398;https://viotex-37.ru/files/catalog/photos/398/img/zlsh-025-siren-398-1-2.jpg;1,5 сп
